Workbook

Sheet 1Q
A1: # | B1: Equipmets | C1: Row | D1: PM-Schedule | E1: PM Status
A2: 1 | B2: IRD Harmonic | C2: 1 | D2: 43132 | E2: Pending
A3: 2 | B3: IRD Envivio | C3: 1 & 2 | D3: 43132 | E3: Pending
A4: 3 | B4: Muse envivio | C4: 2 | D4: 43132 | E4: Pending
A5: 4 | B5: Electra 8K Harmonic | C5: 3 | D5: 43132 | E5: Pending
A6: 5 | B6: XT Harmonic | C6: 1 | D6: 43132 | E6: Pending
A7: 6 | B7: Spark MUX Envivio | C7: 2 | D7: 43132 | E7: Pending
A8: 7 | B8: Prostream MUX Harmonic | C8: 3 | D8: 43132 | E8: Pending
A9: 8 | B9: SDI Router Harmonic | C9: 1 & 3 | D9: 43132 | E9: Pending
A10: 9 | B10: ASI Router Harmonic | C10: 2 & 3 | D10: 43132 | E10: Pending
A11: 10 | B11: SDI Router Envivio | C11: 2 | D11: 43132 | E11: Pending
A12: 11 | B12: ASI Router Envivio | C12: 2 | D12: 43132 | E12: Pending
A13: 12 | B13: ASI DA | C13: 3 | D13: 43132 | E13: Pending
A14: 13 | B14: MVIP | C14: 2 | D14: 43132 | E14: Pending
A15: 14 | B15: All STB | C15: 1,2.3 | D15: 43132 | E15: Pending
A16: 15 | B16: ADC | D16: 43132 | E16: Pending
A17: 16 | B17: PAS Rack | D17: 43132 | E17: Pending
A18: 17 | B18: Client Rack | C18: 3 | D18: 43132 | E18: Pending
A19: 18 | B19: All ATS and MDU | C19: 1,2,3 | D19: 43132 | E19: Pending

Sheet 2Q
A1: # | B1: Equipmets | C1: Row | D1: PM-Schedule | E1: PM Status
A2: 1 | B2: IRD Harmonic | C2: 1 | D2: ='1Q'!D2+90 -> 43222 | E2: Pending
A3: 2 | B3: IRD Envivio | C3: 1 & 2 | D3: ='1Q'!D3+90 -> 43222 | E3: Pending
A4: 3 | B4: Muse envivio | C4: 2 | D4: ='1Q'!D4+90 -> 43222 | E4: Pending
A5: 4 | B5: Electra 8K Harmonic | C5: 3 | D5: ='1Q'!D5+90 -> 43222 | E5: Pending
A6: 5 | B6: XT Harmonic | C6: 1 | D6: ='1Q'!D6+90 -> 43222 | E6: Pending
A7: 6 | B7: Spark MUX Envivio | C7: 2 | D7: ='1Q'!D7+90 -> 43222 | E7: Pending
A8: 7 | B8: Prostream MUX Harmonic | C8: 3 | D8: ='1Q'!D8+90 -> 43222 | E8: Pending
A9: 8 | B9: SDI Router Harmonic | C9: 1 & 3 | D9: ='1Q'!D9+90 -> 43222 | E9: Pending
A10: 9 | B10: ASI Router Harmonic | C10: 2 & 3 | D10: ='1Q'!D10+90 -> 43222 | E10: Pending
A11: 10 | B11: SDI Router Envivio | C11: 2 | D11: ='1Q'!D11+90 -> 43222 | E11: Pending
A12: 11 | B12: ASI Router Envivio | C12: 2 | D12: ='1Q'!D12+90 -> 43222 | E12: Pending
A13: 12 | B13: ASI DA | C13: 3 | D13: ='1Q'!D13+90 -> 43222 | E13: Pending
A14: 13 | B14: MVIP | C14: 2 | D14: ='1Q'!D14+90 -> 43222 | E14: Pending
A15: 14 | B15: All STB | C15: 1,2.3 | D15: ='1Q'!D15+90 -> 43222 | E15: Pending
A16: 15 | B16: ADC | D16: ='1Q'!D16+90 -> 43222 | E16: Pending
A17: 16 | B17: PAS Rack | D17: ='1Q'!D17+90 -> 43222 | E17: Pending
A18: 17 | B18: Client Rack | C18: 3 | D18: ='1Q'!D18+90 -> 43222 | E18: Pending
A19: 18 | B19: All ATS and MDU | C19: 1,2,3 | D19: ='1Q'!D19+90 -> 43222 | E19: Pending

Sheet 3Q
A73: # | B73: Equipmets | C73: Row | D73: PM-Schedule | E73: PM Status
A74: 1 | B74: IRD Harmonic | C74: 1 | D74: ='2Q'!D2+90 -> 43312 | E74: Pending
A75: 2 | B75: IRD Envivio | C75: 1 & 2 | D75: ='2Q'!D3+90 -> 43312 | E75: Pending
A76: 3 | B76: Muse envivio | C76: 2 | D76: ='2Q'!D4+90 -> 43312 | E76: Pending
A77: 4 | B77: Electra 8K Harmonic | C77: 3 | D77: ='2Q'!D5+90 -> 43312 | E77: Pending
A78: 5 | B78: XT Harmonic | C78: 1 | D78: ='2Q'!D6+90 -> 43312 | E78: Pending
A79: 6 | B79: Spark MUX Envivio | C79: 2 | D79: ='2Q'!D7+90 -> 43312 | E79: Pending
A80: 7 | B80: Prostream MUX Harmonic | C80: 3 | D80: ='2Q'!D8+90 -> 43312 | E80: Pending
A81: 8 | B81: SDI Router Harmonic | C81: 1 & 3 | D81: ='2Q'!D9+90 -> 43312 | E81: Pending
A82: 9 | B82: ASI Router Harmonic | C82: 2 & 3 | D82: ='2Q'!D10+90 -> 43312 | E82: Pending
A83: 10 | B83: SDI Router Envivio | C83: 2 | D83: ='2Q'!D11+90 -> 43312 | E83: Pending
A84: 11 | B84: ASI Router Envivio | C84: 2 | D84: ='2Q'!D12+90 -> 43312 | E84: Pending
A85: 12 | B85: ASI DA | C85: 3 | D85: ='2Q'!D13+90 -> 43312 | E85: Pending
A86: 13 | B86: MVIP | C86: 2 | D86: ='2Q'!D14+90 -> 43312 | E86: Pending
A87: 14 | B87: All STB | C87: 1,2.3 | D87: ='2Q'!D15+90 -> 43312 | E87: Pending
A88: 15 | B88: ADC | D88: ='2Q'!D16+90 -> 43312 | E88: Pending
A89: 16 | B89: PAS Rack | D89: ='2Q'!D17+90 -> 43312 | E89: Pending
A90: 17 | B90: Client Rack | C90: 3 | D90: ='2Q'!D18+90 -> 43312 | E90: Pending
A91: 18 | B91: All ATS and MDU | C91: 1,2,3 | D91: ='2Q'!D19+90 -> 43312 | E91: Pending

Sheet 4Q
A1: # | B1: Equipmets | C1: Row | D1: PM-Schedule | E1: PM Status
A2: 1 | B2: IRD Harmonic | C2: 1 | D2: ='3Q'!D74+90 -> 43402 | E2: Pending
A3: 2 | B3: IRD Envivio | C3: 1 & 2 | D3: ='3Q'!D75+90 -> 43402 | E3: Pending
A4: 3 | B4: Muse envivio | C4: 2 | D4: ='3Q'!D76+90 -> 43402 | E4: Pending
A5: 4 | B5: Electra 8K Harmonic | C5: 3 | D5: ='3Q'!D77+90 -> 43402 | E5: Pending
A6: 5 | B6: XT Harmonic | C6: 1 | D6: ='3Q'!D78+90 -> 43402 | E6: Pending
A7: 6 | B7: Spark MUX Envivio | C7: 2 | D7: ='3Q'!D79+90 -> 43402 | E7: Pending
A8: 7 | B8: Prostream MUX Harmonic | C8: 3 | D8: ='3Q'!D80+90 -> 43402 | E8: Pending
A9: 8 | B9: SDI Router Harmonic | C9: 1 & 3 | D9: ='3Q'!D81+90 -> 43402 | E9: Pending
A10: 9 | B10: ASI Router Harmonic | C10: 2 & 3 | D10: ='3Q'!D82+90 -> 43402 | E10: Pending
A11: 10 | B11: SDI Router Envivio | C11: 2 | D11: ='3Q'!D83+90 -> 43402 | E11: Pending
A12: 11 | B12: ASI Router Envivio | C12: 2 | D12: ='3Q'!D84+90 -> 43402 | E12: Pending
A13: 12 | B13: ASI DA | C13: 3 | D13: ='3Q'!D85+90 -> 43402 | E13: Pending
A14: 13 | B14: MVIP | C14: 2 | D14: ='3Q'!D86+90 -> 43402 | E14: Pending
A15: 14 | B15: All STB | C15: 1,2.3 | D15: ='3Q'!D87+90 -> 43402 | E15: Pending
A16: 15 | B16: ADC | D16: ='3Q'!D88+90 -> 43402 | E16: Pending
A17: 16 | B17: PAS Rack | D17: ='3Q'!D89+90 -> 43402 | E17: Pending
A18: 17 | B18: Client Rack | C18: 3 | D18: ='3Q'!D90+90 -> 43402 | E18: Pending
A19: 18 | B19: All ATS and MDU | C19: 1,2,3 | D19: ='3Q'!D91+90 -> 43402 | E19: Pending
